<?xml version="1.0" encoding="UTF-8"?>
<project-private xmlns="http://www.netbeans.org/ns/project-private/1">
    <editor-bookmarks xmlns="http://www.netbeans.org/ns/editor-bookmarks/2" lastBookmarkId="0"/>
    <open-files xmlns="http://www.netbeans.org/ns/projectui-open-files/2">
        <group>
            <file>file:/home/nbt/workspace/ia941/aula1/test/model/WorldFacadeTest.java</file>
            <file>file:/home/nbt/workspace/ia941/aula1/src/model/WorldFacade.java</file>
            <file>file:/home/nbt/workspace/ia941/aula1/src/mainscreen/mainScreen.fxml</file>
            <file>file:/home/nbt/workspace/ia941/aula1/src/aula1/Aula1.java</file>
            <file>file:/home/nbt/workspace/ia941/aula1/src/mainscreen/MainScreenController.java</file>
        </group>
    </open-files>
</project-private>
